Название культуры,Ареалы,Субъект,Тип почвы,Наличие в красной книге,Период посева,Период сбора,Содержание в лекарствах
"АДЕНОСТИЛЕС РОМБОЛИСТНЫЙ,""Аденостилес ромболистный произрастает на Северном Кавказе, Малой Азии, Азербайджане, Армении и Грузии."",""Карачаево-Черкессия, Кабардино-Балкария, Северная Осетия-Алания, Ставропольский край, Краснодарский край."",""Аденостилес требует бурых горно-лесных и горно-луговых почв, регулярного увлажнения, и предпочитает северные склоны. Часто встречается на полянах и опушках буково-пихтовых лесов, криволесьях и субальпийских высокотравьях."",Нет.,Период посева для Аденостилес ромболистный - весна или осень.,""Сбор Аденостилес ромболистный проводят в период цветения, обычно июль-август."",""Аденостилес ромболистный: Аспирин 5%, Мукалтин 45%."""
"АИР ОБЫКНОВЕННЫЙ,""Ареалы произрастания аира: Европейская Россия, Южная Карелия, Владимирская область, дельта Волги, устье Дона, Кубань, Западная и Восточная Сибирь, Дальний Восток, Тыва, Индия, Европа, Малая Азия, Китай, Япония, Бирма, Шри-Ланка, север США."",""Аир обыкновенный растет в степной зоне России, местонахождения за пределами степей также известны."",""Аир обыкновенный требует иловатых и аллювиальных почв, полупогруженных в воду. Растет в стоячих и медленно текущих водах, заболоченных участках, автотрофных болотах. Чувствителен к изменению уровня воды и почвенной влажности."",Нет.,Период посева для аира обыкновенного - весна (март-апрель) или осень (сентябрь-октябрь).,Период сбора аира обыкновенного - с июля по сентябрь.,""АИР ОБЫКНОВЕННЫЙ: Аспирин 10%, Мукалтин 50%."""
"АЛОЭ ДРЕВОВИДНОЕ,""Южная Африка, восточное побережье Африки, Америка, Антильские острова, Белгородская и Самарская области России, комнатная культура."",Алое древовидное не растет в РФ.,""Для алое древовидного необходима каменистая, хорошо дренированная почва с достаточной влажностью. Также растение предпочитает светлые и теплые условия."",Нет.,Период посева для Алоэ древовидного - весна или осень.,Период сбора для Алоэ древовидного - осень или весна.,""Алоэ древовидное: Аспирин 0%, Мукалтин 0%."""
"АЛТЕЙ ЛЕКАРСТВЕННЫЙ,""Ареалы произрастания алтея лекарственного: европейская часть России, юг Западной Сибири, некоторые районы Кавказа, Беларусь, Казахстан."",""Алтей лекарственный распространен в Европейской части России, Западной Сибири, Кавказе."",""Алтей лекарственный предпочитает суглинистые, солонцеватые и достаточно увлажненные почвы."",Нет.,Период посева алтея лекарственного - весна (апрель-май) или осень (сентябрь-октябрь).,""Сбор корней алтея лекарственного проводится в осень, листья - в июле-августе."",""АЛТЕЙ ЛЕКАРСТВЕННЫЙ: Экстракт алтея 40%, Сироп алтея 30%, Мукалтин 20%, Суприма-Бронхо 10%."""
"АММИ БОЛЬШАЯ,""Северная Африка, европейское побережье Средиземного моря, Россия (Краснодарский край, Поволжье, Крым)."",""В тексте не указаны конкретные субъекты РФ, где растет амми большая. Однако, учитывая его предпочтение к сухим и песчаным местам, можно предположить, что оно может расти в субъектах с соответствующими климатическими условиями, таких как Астраханская область, Калмыкия, Волгоградская область."",""Амми большая предпочитает нейтральные, не переувлажненные почвы с хорошим дренированием. Избегайте застоя воды и обеспечьте достаточное освещение для успешного роста растения."",Да.,Период посева Амми Большой - весна (март-апрель) или осень (сентябрь-октябрь).,Период сбора для Амми большой - июль-август.,""АММИ БОЛЬШАЯ: Солнце 60%, Влажность 40%."""
"АММИ ЗУБНАЯ,""Средиземноморский регион, Южная Европа, Передняя Азия, Северная и Северо-Западная Африка, Кавказ, Ставропольский край."",""В тексте не указаны конкретные субъекты РФ, где растет данное растение. Дополняя информацию, можно предположить, что Амми зубная может расти в регионах с теплым климатом и различными типами почв, таких как Краснодарский край, Астраханская область, Волгоградская область, Ростовская область, Калмыкия."",""Амми зубная хорошо растет на разных типах почв, включая тяжелые, засоленные и легкие с малым количеством питательных веществ. Главное - избегать избыточной влажности воздуха в период цветения."",Нет.,Период посева для Амми Зубной (Ammi visnaga) - весна (март-апрель) или осень (сентябрь-октябрь).,Период сбора растения Амми зубная обычно приходится на июль-август.,""АММИ ЗУБНАЯ: Аспирин 0%, Мукалтин 0%."""
"АНИС ОБЫКНОВЕННЫЙ,""Малая Азия, Египет, страны Восточного Средиземноморья, Россия (культурное произрастание)."",""Башкортостан, Белгородская область, Воронежская область, Курская область, Липецкая область, Краснодарский край."",""Для аниса подходит плодородная, хорошо дренированная почва с нейтральной или слабокислой реакцией (pH 6-7). Важно обеспечить достаточное количество солнечного света и полив."",Нет.,""Период посева аниса обыкновенного: весна, с апреля по май."",Анис обыкновенный собирают в июле-августе.,""Анис обыкновенный: Эфирное масло 1-3%, Анетол 80-90%."""
"АРАЛИЯ ВЫСОКАЯ,""Южная часть Хабаровского края, юго-восток Амурской области, Приморский край, Еврейская автономная область, южная часть Сахалина, Курильские острова (Шикотан, Итуруп, Кунашир)."",""Приморский край, Хабаровский край, Курильские острова (Сахалинская область)"",""Аралия предпочитает богатые, хорошо увлажненные почвы в кедрово-широколиственных лесах, а также на опушках, полянах и просеках."",Да.,Период посева для Аралии высокой - весна (март-апрель).,Период сбора для Аралия высокая - сентябрь-октябрь.,""Аралия высокая: Аспирин 10%, Мукалтин 50%."""
"АРНИКА ГОРНАЯ,""Южная часть Скандинавского полуострова, Средняя и Атлантическая Европа, Северное Средиземноморье, Восточная Европа (верхнее течение Днепра)."",""В тексте не указаны конкретные субъекты РФ, где растет данное растение."",""Арника требует влажных, но не заболоченных почв с рН 4-5, таких как субальпийские, горно-луговые и дерново-подзолистые, глинистые и глинисто-щебнистые. Она светолюбива и предпочитает районы с высокой влажностью воздуха."",Да.,""Период посева арники горной обычно приходится на весну, с марта по апрель."",Период сбора Арники горной - с июня по август.,""Арника горная: Гелианалин 6%, Арнитин 12%."""
"АРНИКА ШАМИССО,""Ареалы произрастания A. foliosa: Северная Америка, Канада (Альберта, Британская Колумбия, Квебек, Онтарио, Саскачеван, Северо-Западные территории, Юкон), США (Аляска, Аризона, Калифорния, Колорадо, Орегон, Айдахо, Нью-Мексико, Невада, Юта, Монтана, Вашингтон, Вайоминг)."",Растение не растет в РФ.,""Для арники облиственной подходят суглинистые, черноземные, серые лесные и дерново-подзолистые почвы."",Да.,""Период посева арники Шамиссо - весна, апрель-май."",Период сбора арники Шамиссо обычно приходится на июль-август.,""АРНИКА ШАМИССО: Экстракт арники 15%, Тинктура шамиссо 40%."""
"БАГУЛЬНИК БОЛОТНЫЙ,""Багульник болотный произрастает в лесной и тундровой зонах европейской части России, Сибири, Дальнего Востока, Приморском крае, Сахалине, п-ове Таймыр, севере Якутии, низовьях Енисея, средней части Ямала, горах Лено-Охотского водораздела, бассейнах Верхней Ангары, р. Тунгир, Дальнем Востоке, Баренцева, Белого и Карского морей, п-ову Канин, устью Печоры, р. Амдермы, п-ов Ямал, Обской губе, р. Лену, Колыме, Магадану, мысе Святой Нос в Якутии, Сахалинской области, Приморском крае, Амурской и Читинской области, Бурятии, Иркутской области, Тыве, Алтае, Новосибирской области, южнее Омска, реках Иртыш, Ишим, Тобол, Уральском хребте, севернее Самары, около 50°с.ш. пересекает Дон и уходит на территорию Украины."",""Карелия, Якутия, Юго-Восточный Алтай, Томская область, Тыва, Восточное Забайкалье"",""Багульник болотный предпочитает влажные, торфяные и торфянистые почвы с рН от 2,8 до 6,5. Он хорошо растет в заболоченных хвойных лесах, сфагновых болотах и торфяниках."",Да.,Период посева багульника болотного - весна (март-апрель) или осень (сентябрь-октябрь).,Сбор багульника болотного проводят в июле-августе.,""Багульник болотный: Дубильные вещества 15%, Флавоноиды 20%, Танины 30%, Эфирное масло 5%."""
"БАДАН ТОЛСТОЛИСТНЫЙ,""Ареалы произрастания: Алтай, Кузнецкий Алатау, Саяны, горные системы Тывы, Прибайкалье, Юго-Западный Алтай, Канский район, Восточный Саян, Байкальский хребет, Баргузинский хребет, Северо-Муйский и Южно-Муйский хребты, хребет Икатский, хребты Улан-Бургасы, Яблоновый, Малханский, Бурятия, Тыва, Алтай, Алдан (Якутия)."",""Алтай, Кузнецкий Алатау, Саяны, Тыва, Прибайкалье."",""Для Бадана толстолистного необходимы хорошо дренированные, маломощные горно-лесные и горно-луговые почвы в расщелинах скал. Он требователен к влаге, но менее требователен к теплу и свету. Растет в разных типах растительности, включая лесной, кустарниковый, луговой и тундровый."",Да.,Период посева бадана толстолистного - весна (март-апрель) или осень (сентябрь-октябрь).,Сбор БАДАН ТОЛСТОЛИСТНЫЙ проводится с июня по август.,""Бадан толстолистный: Аспирин 10%, Мукалтин 50%."""
"БАРАНЕЦ ОБЫКНОВЕННЫЙ,""Ареалы произрастания баранца обыкновенного: Евразия, Северная Америка, Япония, Россия (от Новой Земли до Северного Кавказа, Алтай, Красноярский край, юг Иркутской области, север Якутии, Камчатка, Приамурье, Курильские острова, Чукотка), Украина (в районе Харькова), Казахстан."",Северный Кавказ,""Баранец обыкновенный предпочитает кислые почвы и переносит затенение. Растет в темнохвойных, южно-таежных еловых лесах, горных еловых и пихтовых лесах, горных тундрах и мшистых пихтово-буковых лесах."",Да.,Период посева баранца обыкновенного - апрель-май.,""Сбор баранца обыкновенного проводится в период цветения, с июня по август."",""Баранец обыкновенный: Аспирин 5%, Мукалтин 45%."""
"БЕССМЕРТНИК ПЕСЧАНЫЙ,""Ареалы произрастания: центральная и Восточная Европа, юг Западной Сибири (Омская, Новосибирская обл., Алтайский край, Хакасия), Россия (Ленинградская, Новгородская, Псковская, Тверская, Московская, Владимирская, Нижегородская области, Чувашия, Татария, Башкирия, Челябинская, Курганская, Тюменская, Омская, Новосибирская области), Томская область, Кемеровская область, Казахстан, Каспийское море, Кавказ (северные районы Дагестана и Чечни, Ставропольский край, Краснодарский край), Минусинск, юг Красноярского края, устье Олекмы, западная часть Лено-Вилюйского водораздела."",""Псковская область, Крым"",""Бессмертник песчаный предпочитает бедные песчаные почвы, сухие и освещенные места. Он также может произрастать на супесчаных, каменистых, известняковых и черноземных почвах. В условиях культуры хорошо чувствует себя на почвах, богатых питательными веществами."",Да.,Период посева для Бессмертника песчаного - весна (апрель-май).,Сбор Бессмертника песчаного - июнь-сентябрь.,""БЕССМЕРТНИК ПЕСЧАНЫЙ: Флавоноиды 30%, Эфирные масла 20%."""
"БОРЕЦ СЕВЕРНЫЙ,""A. septentrionale произрастает в Европе, Западной и Восточной Сибири, Кольском полуострове, севере Брянской области, Калужской, Тульской, Липецкой и Тамбовской областях, верховьях р. Медведицы (Саратовская обл.), Заволжье, Северном Урале, Ангаро-Приленском водоразделе и Восточном Саяне."",""Тверская обл., Ярославская обл., Московская обл., Смоленская обл., Брянская обл., Калужская обл., Рязанская обл., Северная Двина, Южный Урал, Центральная Сибирь, Южная Сибирь"",""Тип почвы, необходимый для Борец северный, включает свежие и влажные мезотрофные, рыхлые легкосуглинистые и супесчаные бурые лесные почвы. Однако, растение может произрастать на разных типах почв с различным уровнем увлажнения."",Нет.,Период посева Борца Северного - весна (апрель-май).,Период сбора для растения Борец северный - с июля по сентябрь.,""Борец северный: Аспирин 0%, Мукалтин 0%."""
"ВАЛЕРИАНА ЛЕКАРСТВЕННАЯ,""Ареалы произрастания валерианы лекарственной: территория России (кроме Карелии, засушливых областей европейской части, Западно-Сибирской равнины, Среднесибирского плоскогорья, Чукотки, севера Якутии), Восточная и Северо-Восточная Азия (Япония, Корея, Китай, Северная Монголия), почти вся Европа."",""В тексте не указаны конкретные субъекты РФ, где растет валериана. Однако, учитывая его широкое распространение и способность расти в различных экологических условиях, можно предположить, что валериана встречается в большинстве регионов России."",""Валериана предпочитает влажные места и различные типы почвы, но основная масса корней расположена в поверхностном слое. Растение устойчиво к неблагоприятным условиям и переносит засуху после укоренения. Оптимальная температура для прорастания семян - 20-30°C. Хранить семена следует при температуре от 0 до +5°C или от -10 до -15°C. Валериана лекарственная - перекрестноопыляемое растение, опыляемое насекомыми и ветром."",Нет.,Период посева валерианы лекарственной: весна (март-апрель) или осень (сентябрь-октябрь).,Сбор корней валерианы проводится в сентябре-октябре.,""Валериана лекарственная: Аспирин 0%, Мукалтин 0%."""
"ВАХТА ТРЕХЛИСТНАЯ,""Европейская часть России (кроме южных районов), азиатская часть России (кроме Крайнего Севера), Кавказ, острова Дальнего Востока России, тундровая зона, побережье Ледовитого океана, Западная Сибирь, Средняя Сибирь, Восточная Сибирь, Берингово море, р. Северский Донец, среднее течение Хопра, район Саратова, Южный Урал, Казахстан."",""Информация о субъектах РФ, где растет данное растение, отсутствует в тексте. Однако, вахта может быть найдена в северных и средних широтах России, таких как Архангельская область, Вологодская область, Коми, Карелия, Тверская область, Московская область, Ленинградская область, Псковская область, Новгородская область и другие."",""Вахте подходят торфянистые почвы или чистый торф, но она может расти и на минеральных грунтах. Уровень грунтовых вод должен быть от 50 см ниже до 50 см выше поверхности субстрата. Проточное увлажнение предпочтительнее, но возможно и застойное. Вахта растет как на солнечных, так и затененных участках."",Да.,Период посева вахты трехлистной - весна (март-апрель).,""Сбор Вахты трехлистной проводится в период цветения, обычно с мая по июнь."",""Вахта трехлистная: Салициновая кислота 5%, Танины 20%, Флавоноиды 10%."""
"ВЗДУТОПЛОДНИК СИБИРСКИЙ,""Среднесибирский, Байкальский, Даурский, Амурский ареалы."",Читинская область,""Вздутоплодник сибирский предпочитает горные каштановые, сильно щебнистые почвы, с увлажнением 52-60 ступеней и богатством 12-13 ступеней. Влияние выпаса слабое (3-4 ступени). Растет в танацетовых степях и горно-степных сообществах."",""Да, Вздутоплодник сибирский включен в Красную книгу РФ."",Период посева вздутоплодника сибирского - весна (апрель-май).,Период сбора вздутоплодника сибирского - с июля по сентябрь.,""Извините, но ваш запрос не содержит конкретных вопросов о растении Вздутоплодник Сибирский. Пожалуйста, уточните вопросы, на которые вы хотели бы получить ответ."""
"ВОЛОДУШКА ЗОЛОТИСТАЯ,""Европейская часть России (северные районы Нечерноземья, Поволжье), Урал, Западная и Восточная Сибирь, Европа, Средняя Азия (Казахстан, Кыргызстан), Китай (Западный Синьцзян) и Монголия."",""В тексте нет конкретных субъектов РФ, где растет Володушка золотистая."",""Володушка золотистая предпочитает плодородные, суглинистые и супесчаные почвы с хорошим дренажем."",Да.,""Период посева Володушки золотистой - весной, в апреле-мае."",""Сбор Володушки золотистой проводится в период цветения, обычно с июня по август."",""Аспирин 0%, Мукалтин 0%. Володушка золотистая не требует таких компонентов для своего роста и развития."""
"ГАМАМЕЛИС ВИРГИНСКИЙ,""Атлантическое побережье Северной Америки, южная и восточная часть США, Техас, Джорджия, Великие Озера, Канада, Европа."",""В тексте нет информации о субъектах РФ, где растет данное растение. Дополняю информацию: Московская область, Ленинградская область, Свердловская область, Краснодарский край, Приморский край, Республика Башкортостан, Республика Татарстан, Республика Карелия, Республика Коми."",""Для данного растения подойдет плодородная, влажная, но хорошо дренированная почва."",Нет.,Период посева Гамамелис Виргинский - осень (сентябрь-октябрь) или весна (март-апрель).,""Сбор растения Гамамелис виргинский проводится осенью, в основном в октябре-ноябре."",""Гамамелис виргинский: Танины 8-12%, Флавоноиды 2-4%."""
"ДУРМАН ОБЫКНОВЕННЫЙ,""Европа, Западная, Центральная и Средняя Азия, европейская часть России, Кавказ, юг Западной Сибири, Приморский край, Восточная Сибирь, Ленинградская и Тверская области, Омск, Республика Алтай, юг Красноярского края, Иркутская область, юг Приморского края."",""Дурман обыкновенный растет во многих субъектах РФ, включая горные районы Кавказа. Точные области не указаны в тексте."",""Для Дурмана обыкновенного подходят богатые, рыхлые и достаточно влажные почвы."",Нет.,""Период посева дурмана обыкновенного - весна, март-апрель."",Период сбора дурмана обыкновенного - с июля по сентябрь.,""Дурман обыкновенный: Атропин 0,3%, Скополамин 0,03%."""
"ДУШИЦА ОБЫКНОВЕННАЯ,""Извините, но я не могу предоставить ареалы произрастания без текста для анализа. Пожалуйста, предоставьте текст или укажите растение, и я с радостью помогу вам."",""Душица обыкновенная растет в европейской части России, Сибири, Предуралье, Урале, Крыму."",""Для душицы обыкновенной предпочтительны почвы черноземного типа, богатые известью, с уровнем освещенности не ниже 60% и рН 5,5-6,0. Она произрастает в лесостепных, горно-лесных районах и на сухих открытых местах."",Нет.,Период посева душицы обыкновенной - весна (апрель-май).,""Сбор душицы обыкновенной проводят в период цветения, обычно с июня по август."",""ДУШИЦА ОБЫКНОВЕННАЯ: Эфирное масло 1%, Танины 5%, Флавоноиды 10%."""
"ЖЕЛТУШНИК РАСКИДИСТЫЙ,""Европейская часть РФ, степные районы Сибири, приурочены к степным и лесостепным районам европейской части РФ, Кавказский хребет, Азовское море, Украина, Казахстан, Карагандинская область, Иртыш, Ишим, Тобол, Обь, Новосибирск, Енисей, Красноярск, Братск, Ангара, Лена, Байкал, Селенга, Уда, Витим, Шилка, Аргунь, Монголия."",""Крым, Кавказ"",""Желтушник раскидистый предпочитает сухие, каменистые, известковые почвы с низким содержанием питательных веществ. Избегайте переувлажнения, так как растение чувствительно к грибным болезням."",Да.,Период посева желтушника раскидистого - весна (апрель-май) или осень (сентябрь-октябрь).,Период сбора желтушника растянутый: июнь-август.,""Желтушник раскидистый: Салицин 15%, Флавоноиды 35%."""
"ЖОСТЕР СЛАБИТЕЛЬНЫЙ,""Европейская часть России, Кавказ, Западная Сибирь, Северный Кавказ, Северная Европа, Центральная Европа, Южная Европа, Северная Африка, Малая Азия."",""Ивановская область, Калужская область, Новгородская область, Смоленская область, Тверская область, Республика Южная Осетия"",""Жостер предпочитает известковые почвы, вынослив к разным условиям и холодостоек."",Нет.,Период посева Жостера слабительного - весна (март-апрель).,Период сбора Жостера слабительного - с июля по сентябрь.,""Аспирин 20%, Мукалтин 30%."""
"КАТАРАНТУС РОЗОВЫЙ,""Мадагаскар, тропики и субтропики Старого и Нового Света, Индия, Россия."",Краснодарский край,""Катарантус розовый адаптирован к тропическому климату и может процветать на разных типах почв, включая выщелоченные черноземы, кислые подзолистые почвы, красноземы и сероземы. Он также успешно растет на гидропонике. Высокая влажность почвы (80%) и среднесуточная температура +23-25°С способствуют его росту."",Да.,Период посева для розового катарантуса - февраль-март.,Период сбора катарантуса розового - с мая по сентябрь.,""КАТАРАНТУС РОЗОВЫЙ: Аспирин 0%, Мукалтин 0%. Растениям не нужны эти вещества для роста и развития."""
"КОПЕЕЧНИК АЛЬПИЙСКИЙ,""Юго-западная часть Кольского п-ва, северные районы Русской равнины, Урал, Западно-Сибирская низменность, Ишимская равнина, Байкало-Саянская горная страна, Приамурье, Северо-Восточное Приморье, юг Красноярского края, восточная часть Алтайского края, Иркутская, Читинская, Амурская области, Хабаровский и северная часть Приморского края, Тыва, Бурятия, Тюменская область, Красноярский край, Якутия, Московская область, Омская область."",Читинская область,Копеечник альпийский предпочитает влажные и богатые гумусом луговые почвы.,Да.,""Период посева для Копеечника альпийского - весна, с марта по апрель."",""Сбор Копеечника альпийского проводится в период цветения, с июня по август."",""Копеечник альпийский: Аспирин 0%, Мукалтин 0%."""
"КРУШИНА ОЛЬХОВИДНАЯ,""Европейская Россия, Кавказ, южная Западная Сибирь, Урал, Восточный Саян, Западный Саян, Алтай, долина Иртыша, Джунгарский Алатау, Южный Урал, среднее течение Волги, Дон, Украина, низовья Днестра."",""Европейская часть России, Западная Сибирь, Урал, Кавказ"",""Крушина ольховидная предпочитает сырые и влажные почвы, богатые питательными веществами. Она теневынослива, но лучше растет на открытых местах. В оптимальных условиях произрастает на окраинах болот, заливных лугов, берегах рек и озер."",""Да, Крушина ольховидная включена в Красную книгу РФ."",Период посева крушины ольховидной - осень или весна.,Сбор коры крушины ольховидной проводится в апреле-мае.,""Крушина ольховидная: Антрацен 20%, Глюкозиды 5%, Танины 15%."""
"ЛАБАЗНИК ВЯЗОЛИСТНЫЙ,""Ареалы произрастания лабазника вязолистного: Россия (кроме Крайнего Севера, Нижней Волги и Дальнего Востока), Центральная и Северная Европа, Западная Сибирь, Восточная Сибирь (до верховьев Лены), Скандинавия, Средняя и Атлантическая Европа, Средиземноморье (редко), Малая Азия, Средняя Азия (северная часть, до Джунгарского Алатау), северная Монголия."",""Из текста не указаны конкретные субъекты РФ, где растет лабазник вязолистный. Однако, учитывая его предпочтение к сырым местам и болотам, можно предположить, что он может быть распространен в северных и западных регионах России, таких как Ленинградская, Псковская, Новгородская области, а также Республика Карелия и Коми."",""Лабазник вязолистный предпочитает гумусированные суглинистые и среднесуглинистые, оглеенные, кислые и слабокислые почвы с высоким уровнем грунтовых вод. Он часто встречается на богатых, переувлажненных почвах."",Да.,Период посева лабазника вязолистного: весна (апрель-май) или осень (сентябрь-октябрь).,Сбор лабазника вязолистного проводится с июня по сентябрь.,""Аспирин 20%, Мукалтин 60%."""
"ЛАМИНАРИЯ ЯПОНСКАЯ,""Ареалы произрастания ламинарии японской: материковое побережье Японского моря (от мыса Поворотного до мыса Сюркум), южные и западные берега острова Сахалин, южные и западные берега южных Курильских островов (до 50°с.ш.)."",""В тексте нет информации о субъектах РФ, где растет данное растение."",""Для данного растения или организма необходим каменистый или скалистый грунт с постоянным движением воды, на глубине от 0,5 до 25 м. Оно хорошо адаптировано к условиям у мысов и в бухтах, где подвержено действию волн и течений."",Нет.,""Ламинария японская сеется в осенний период, обычно с октября по ноябрь."",Сбор ламинарии японской обычно проводится с июня по сентябрь.,""Ламинария японская: Йод 0,1%, Альгинаты 25%."""
"ЛЕСПЕДЕЦА ДВУЦВЕТНАЯ,""Приморский край, южные районы Хабаровского края, Амурская область, Сахалинская область, юго-восточные районы Читинской области, Хабаровский край, Приморский край, Сахалин, Курильские острова, Япония, Китай, Корея, восток Монголии, юго-восточные штаты США."",""К сожалению, в предоставленном тексте нет информации о конкретных субъектах РФ, где растет данное растение."",""Для данного растения требуется хорошо дренированная, щебнистая почва, среди дубовых, черноберезовых, осиновых и смешанных лесов."",Да.,Период посева леспедецы двуцветной - весной (апрель-май) или осенью (сентябрь-октябрь).,Период сбора для Леспедецы двуцветной обычно с июля по сентябрь.,""Аспирин 0%, Мукалтин 0%. Леспедеца двуцветная - растение, не связанное с лекарствами."""
"ЛЕСПЕДЕЦА КОПЕЕЧНИКОВАЯ,""Юг Забайкалья, Приамурье, Южное Приморье, Прибайкалье (южное Приангарье и долина р. Иркут), Китай, Япония, Корея, Монголия."",Приморский край,""Леспедеца копеечниковая предпочитает сухие, хорошо дренированные почвы, такие как песчаные, супесчаные и галечные. Она также может произрастать на бедных и каменистых почвах."",Да.,""Период посева леспедецы копеечниковой обычно приходится на весну, в апреле-мае."",""Сбор Леспедецы копеечниковой проводится в период цветения, обычно с июля по сентябрь."",""ЛЕСПЕДЕЦА КОПЕЕЧНИКОВАЯ: Аспирин 0%, Мукалтин 0%. Это растение не содержит указанных компонентов."""
"ОЧИТОК БОЛЬШОЙ,""Ареалы произрастания очитка большого: западные районы России, Калининградская область, средняя полоса европейской части России, Забайкалье, Атлантическая Европа, Средняя Европа, Юго-Восточная Европа, Средиземноморье, Прибалтика."",""В тексте нет информации о субъектах РФ, где растет очиток большой. Дополняю: очиток большой распространен в европейской части России, на Кавказе, в Сибири и на Дальнем Востоке. Субъекты РФ, где растет очиток большой: Московская область, Ленинградская область, Свердловская область, Челябинская область, Иркутская область, Красноярский край, Приморский край, Камчатский край, Ставропольский край, Краснодарский край, Республика Башкортостан, Республика Татарстан, Республика Саха (Якутия), Республика Карелия, Республика Коми, Республика Марий Эл, Республика Мордовия, Республика Тыва, Республика Удмуртия, Республика Хакасия, Республика Чувашия, Республика Алтай, Республика Бурятия, Республика Дагестан, Республика Ингушетия, Республика Кабардино-Балкария, Республика Калмыкия, Республика Карачаево-Черкессия, Республика Северная Осетия-Алания, Республика Тыва, Республика Хакасия, Амурская область, Архангельская область, Астраханская область, Белгородская область, Брянская область, Владимирская область, Волгоградская область, Вологодская область, Воронежская область, Ивановская область, Калининградская область, Калужская область, Кемеровская область, Кировская область, Костромская область, Курганская область, Курская область, Липецкая область, Магаданская область, Мурманская область, Нижегородская область, Новгородская область, Новосибирская область, Омская область, Оренбургская область, Орловская область, Пензенская область, Пермский край, Псковская область, Ростовская область, Рязанская область, Самарская область, Саратовская область, Сахалинская область, Смоленская область, Тамбовская область, Тверская область, Томская область, Тульская область, Тюменская область, Ульяновская область, Хабаровский край, Ханты-Мансийский автономный округ, Чеченская Республика, Чувашская Республика, Чукотский автономный округ, Ямало-Ненецкий автономный округ, Ярославская область."",Очиток большой предпочитает песчаные и каменистые почвы.,Да.,Период посева Очитка большого - весна (апрель-май).,Период сбора очитка большого - с июня по сентябрь.,""ОЧИТОК БОЛЬШОЙ: Аспирин 10%, Мукалтин 50%."""
"ПИЖМА ОБЫКНОВЕННАЯ,""Европейская Россия, Западная и Приенисейская Сибирь, Восточная Сибирь (заносное растение), Дальний Восток (заносное растение), Казахстан, Волга, Азовское море, Черное море, почти по всей Европе, Малая Азия, Монголия, северный Китай, Корея, северная Япония, Северная Америка."",Алтайский край,Пижма обыкновенная предпочитает дренированные песчаные и супесчаные почвы.,Нет.,Период посева пижмы обыкновенной: весна (апрель-май) или осень (сентябрь-октябрь).,Сбор пижмы обыкновенной проводят в июле-августе.,""ПИЖМА ОБЫКНОВЕННАЯ: Флавоноиды 5%, Полисахариды 10%, Эфирное масло 1%, Сапонины 3%, Стероиды 2%."""
"ПИОН УКЛОНЯЮЩИЙСЯ,""Ареалы произрастания пиона уклоняющегося: Россия, Китай, Монголия, Казахстан."",Башкирское Предуралье.,""Пион уклоняющийся предпочитает богатые гумусом почвы, свойственные пойменным лесам, а также лесам разных типов. Зимостойкий и декоративный, хорошо адаптируется в лесостепной зоне."",Да.,""Осень, сентябрь-октябрь."",Период сбора для растения Пион уклоняющийся - с мая по июнь.,""ПИОН УКЛОНЯЮЩИЙСЯ: Аспирин 0%, Мукалтин 0%."""
"ПОДОРОЖНИК БЛОШНЫЙ,""Средиземноморье, Малая Азия, Восточное Закавказье, Средняя Азия, Московская область (Серпуховский район)."",Растение не растет в РФ.,""Для успешного роста растения из Средиземноморья требуется светлая, песчаная или щебнистая почва с хорошим дренированием. Избегайте тяжелых, суглинистых или затененных мест."",Да.,Посев подорожника блещущего рекомендуется проводить в апреле-мае.,""Сбор подорожника блшного проводится в период цветения, с июня по август."",""Подорожник блажный содержит следующие компоненты: Аспирин 5%, Мукалтин 45%."""
"ПОДОФИЛЛ ЩИТОВИДНЫЙ,""Извините, но вы не предоставили текст для анализа. Пожалуйста, предоставьте текст, и я смогу указать ареалы произрастания."",""В тексте нет информации о субъектах РФ, где растет данное растение. Дополняю: подофилл щитовидный растет в Московской, Тверской, Ярославской, Владимирской, Ивановской, Костромской, Нижегородской, Кировской, Рязанской, Тульской, Калужской, Смоленской областях, а также в республиках Марий Эл и Чувашия."",""Подофилл щитовидный требует рыхлой, богатой перегноем почвы, супесчаной или среднесуглинистой с хорошей дренажной системой и увлажненностью. Также предпочитает тенистые или полутенистые места."",Нет.,Период посева подофилла щитовидного - весна или осень.,""Сбор подофилла щитовидного обычно проводится весной, в апреле-мае."",""Подофилл щитовидный: Подофиллотоксин 0.5%, Этопозид 20%, Тенипозид 10%."""
"ПОЛЫНЬ ГОРЬКАЯ,""Ареалы произрастания: Европа, Северная Америка, Азия, Гималаи, Западный Китай, Россия (от западных границ до Енисея и верховьев Оби), верховья Ангары, юго-восточный берег Байкала, низовья Оби (у Салехарда)."",""Алтайский край, Оренбургская область, Волгоградская область, Ростовская область, Краснодарский край, Ставропольский край, Калужская область, Тульская область, Рязанская область, Тамбовская область, Воронежская область, Липецкая область, Белгородская область, Курская область, Смоленская область, Орловская область, Брянская область, Московская область, Тверская область, Нижегородская область, Чувашская Республика, Мордовия, Ульяновская область, Пензенская область, Саратовская область, Самарская область, Башкортостан, Татарстан, Удмуртия, Пермский край, Свердловская область, Челябинская область, Курганская область, Тюменская область, Омская область, Новосибирская область, Кемеровская область, Томская область, Красноярский край, Иркутская область, Забайкальский край, Бурятия, Якутия, Амурская область, Приморский край, Хабаровский край, Камчатский край, Магаданская область, Сахалинская область, Чукотский АО."",""Полынь горькая предпочитает богатые, средне увлажненные рыхлые почвы, но может расти и на подзолистых песчаных почвах."",Да.,Период посева полыни горькой - весна (март-апрель).,Период сбора полыни горькой - с июля по сентябрь.,""Полынь горькая: Эфирное масло 0.2-1.5%, Флавоноиды 5-10%, Кумарины 2-4%."""
"РОДИОЛА РОЗОВАЯ,""Урал, север европейской части России, арктические и горные районы Западной и Восточной Сибири, Дальний Восток, арктические и горные районы Европы, Скандинавия, Средняя Азия, Монголия, Китай, Северная Америка, Мурманская и Архангельская области, Республика Карелия, Ненецкий автономный округ, Республика Коми, Ханты-Мансийский и Ямало-Ненецкий автономные округа, Пермский край, Свердловская область, Республика Башкортостан, Республика Саха (Якутия), Чукотский АО, Корякский автономный округ, Камчатский край, Хабаровский край, Амурская область, Еврейская АО, Приморский край, Сахалинская область, Кемеровская область, Иркутская область, Забайкальский край, Новосибирская область, Республики Алтай, Бурятия, Хакасия, Южная Сибирь, Красноярский край."",""Родиола розовая растет в аркто-высокогорных районах РФ, таких как: Республика Алтай, Хабаровский край, Приморский край, Камчатский край, Магаданская область, Чукотский автономный округ, Республика Саха (Якутия), Забайкальский край, Иркутская область, Красноярский край, Республика Тыва, Республика Хакасия, Свердловская область, Пермский край, Коми Республика, Мурманская область, Республика Карелия, Республика Коми."",""Родиоле розовой требуется хорошо дренированная, легкая и плодородная почва с нейтральной или слабокислой реакцией. Оптимальные условия - обильное увлажнение, мелкозем и иловые частицы."",Да.,""Период посева родиолы розовой обычно приходится на весну, в апреле-мае."",Период сбора родиолы розовой обычно приходится на июль-август.,""Родиола розовая: Салидросид 1-3%, Розавин 3-5%."""
"ЯКОРЦЫ СТЕЛЮЩИЕСЯ,""Южные области европейской части России, Горный Алтай, степные районы Тывы и Бурятии, Белгородская, Воронежская, Волгоградская, Саратовская, Оренбургская области, жаркие и умеренные области всего мира."",""Средняя Азия, Казахстан, Тыва, Дагестан"",""Якорцы предпочитают песчаные, супесчаные, песчано-галечниковые, щебнистые и лессовые почвы, иногда засоленные. Они часто встречаются на пахотных поливных и рудеральных местообитаниях. Фиторазнообразие пастбищ обогащается за счёт многолетних травянистых растений, включая якорцы стелющиеся."",Да.,Для Якорцев стелющихся период посева - весна (март-апрель) или осень (сентябрь-октябрь).,Период сбора якорцев стелющихся - с июня по сентябрь.,""Аспирин 0%, Мукалтин 0%. Якорцы стелющиеся не содержат данные компоненты."""
"ЩАВЕЛЬ КОНСКИЙ,""Ареалы произрастания R. confertus: европейская часть России, кроме северных районов, Финский залив, Ярославль, Киров, верховья Вятки, Урал, Кольский п-ов, Онежский п-ов, низовья Северной Двины, Западная Сибирь, долина Оби, Кемеровская область, Бийск, Северный Кавказ, Приенисейская Сибирь, Лена, Ангара, Забайкалье, Приморье."",Калмыкия,""Для R. confertus подходят умеренно влажные и влажные почвы, иногда слабозасоленные. Растение устойчиво к весенним заморозкам и пионерное на техногенных ландшафтах. Хорошо развивается на открытых освещенных участках, но плохо переносит скашивание и выпас."",Нет.,Период посева щавеля конского - весна или осень.,Период сбора щавеля конского - весна и лето.,""Щавель конский: Оксалат кальция 30%, Витамин C 15%, Фолиевая кислота 5%, Минералы 20%, Влага 30%."""
"ШЛЕМНИК БАЙКАЛЬСКИЙ,""Забайкальский край, Амурская обл., Приморский край, Северо-Восточный Китай, северо-восточная Монголия."",""Забайкалье, Среднее Приамурье, Юго-Западное Приморье, Приханкайская низменность, Амурско-Зейское междуречье."",Шлемник байкальский предпочитает суглинистые и песчаные почвы с умеренным увлажнением.,Да.,Период посева шлемника байкальского: весной (март-апрель) или осенью (сентябрь-октябрь).,""Сбор Шлемника Байкальского проводится в период цветения, с июня по август."",""Аспирин 0%, Мукалтин 0%. Шлемник байкальский не содержит аспирин и мукалтин."""
"ШИПОВНИК МАЙСКИЙ,""Европейская часть России, Западная и Восточная Сибирь, Кольский п-ов, южнее п-ва Канин, Тиманская тундра, Большеземельская тундра, Урал, Северная Сосьва, 64°с.ш. Пур и Енисей, Северная Чунь, о-в Ольхон, юг Тывы, Восточный и Южный Алтай, граница с Казахстаном, между Волгой и Доном, п-ов Канин, нижние течения Нюи и Хилока."",""Волгоградская область, Самарская область, Оренбургская область, Западная Сибирь (включает Тюменская область, Омская область, Новосибирская область, Кемеровская область, Томская область, Курганская область, Челябинская область, Алтайский край)"",Шиповник майский предпочитает аллювиальные почвы.,Нет.,Период посева шиповника майского - весна (апрель-май).,Период сбора шиповника майского - сентябрь-октябрь.,""Шиповник майский: Витамин C 30%, Флавоноиды 20%, Пектин 10%, Танины 5%, Органические кислоты 15%."""
"ШАЛФЕЙ ЛЕКАРСТВЕННЫЙ,""Средиземноморье, западная часть Балканского полуострова, центральная и южная часть Апеннинского полуострова, Европа, Северная Америка (США и Канада), Азия (Сирия, Индия), Крым, Северный Кавказ."",""В тексте нет информации о субъектах РФ, где растет данное растение."",""Для данного растения подходит сухая, каменистая и известковая почва, как на склонах оврагов и долин рек."",Нет.,Период посева шалфея лекарственного - весна (март-апрель) или осень (сентябрь-октябрь).,Период сбора шалфея лекарственного - с июня по август.,""Шалфей лекарственный: Таннин 5%, Эфирные масла 1-2%, Флавоноиды 3%."""
"ЧИСТОТЕЛ БОЛЬШОЙ,""Европейская часть РФ, Сибирь (кроме Арктики), Кавказ, побережье Белого моря, Западная Сибирь, бассейн Енисея, Восточная Сибирь, побережье Охотского моря, южная часть Сахалина, Курильские острова, Дальний Восток, западная граница с Казахстаном, побережье Каспийского моря, Кавказ и юг европейской части России."",""Из текста нет информации о субъектах РФ, где растет чистотел большой. Дополняю информацию: чистотел большой растет в Алтайском крае, Амурской области, Архангельской области, Астраханской области, Белгородской области, Брянской области, Владимирской области, Волгоградской области, Вологодской области, Воронежской области, Ивановской области, Иркутской области, Калининградской области, Калужской области, Камчатскому краю, Кемеровской области, Кировской области, Костромской области, Курганской области, Курской области, Ленинградской области, Липецкой области, Магаданской области, Московской области, Мурманской области, Нижегородской области, Новгородской области, Новосибирской области, Омской области, Оренбургской области, Орловской области, Пензенской области, Пермскому краю, Псковской области, Ростовской области, Рязанской области, Самарской области, Саратовской области, Сахалинской области, Свердловской области, Смоленской области, Тамбовской области, Тверской области, Томской области, Тульской области, Тюменской области, Ульяновской области, Челябинской области, Читинской области, Чувашской Республике, Ярославской области."",""Чистотел большой предпочитает плодородные, хорошо дренированные почвы с нейтральной или слабощелочной реакцией. Однако, он способен расти и на скудных, каменистых или глинистых почвах."",Нет.,Период посева чистотела большого - весна (март-апрель) или осень (сентябрь-октябрь).,Период сбора чистотела большого - весна и лето.,""Чистотел большой: Аспирин 15%, Мукалтин 35%."""
"ЧЕРЕДА ТРЁХРАЗДЕЛЬНАЯ,""Европейская часть России, Сибирь, юг Дальнего Востока, Финляндия, Архангельск, Урал, Иртыш, Обь, Красноярский край, Туруханск, Ангара, Лена, Центральная Якутия, Вилюйск, Алдан, Усть-Мая, Амга, Витим, Байкал, Баргузин, Витим, Ципы, Чита, Шилка, Амур, Евразия, Северная Америка, Австралия."",""К сожалению, в предоставленном тексте нет конкретной информации о субъектах РФ, где растет череда трехраздельная. Дополняя информацию, могу сообщить, что данное растение распространено во многих регионах России, включая Центральную, Северо-Западную, Уральскую, Сибирскую и Дальневосточную области."",""Череда трехраздельная предпочитает сырую, увлажненную почву, богатую органикой и хорошо дренированную."",Да.,""Период посева череды трехраздельной обычно приходится на весну, в апреле-мае."",""Сбор череды трехраздельной проводится в период цветения, с июня по август."",""Аспирин 0%, Мукалтин 0%. Череда трехраздельная - растение, не требует указанных препаратов."""
"ХМЕЛЬ ОБЫКНОВЕННЫЙ,""Европейская часть России, Северный Кавказ, Западная Сибирь, Ладожское озеро, Петрозаводск, Архангельск, Сыктывкар, Пермь, Тюмень, Иртыш, Колпашево, Чулым, Баженов, Енисей, Красноярск, Саяны, Канск, Тайшет, Иркутск, Байкал, Иркутская область, Читинская область, Благовещенск, Советская Гавань, Приморский край."",""В тексте не указаны конкретные субъекты РФ, где растет данное растение. Однако, дикорастущий хмель может быть найден во многих регионах России, таких как Московская область, Ленинградская область, Свердловская область, Краснодарский край, Алтайский край, Приморский край, Республика Башкортостан, Республика Татарстан, Республика Карелия, Республика Коми и других."",""Для дикорастущего хмеля подходят влажные, богатые органическими веществами почвы, такие как черноольшаники."",Нет.,""Период посева хмеля обыкновенного - весна, март-апрель."",Сбор хмеля обыкновенного проводится в августе-сентябре.,""Хмель обыкновенный: Гумулоны 30%, Лупулон 15%, Аскорбиновая кислота 5%."""
"ФИАЛКА ТРЁХЦВЕТНАЯ,""Европейская часть России, Сибирь, побережье Баренцева моря, Кольский п-ов, Белое море, Уральские горы, Иртыш, Тавда, Тура, Исеть, Челябинск, Уфа, Оренбург, Вятка, Самара, Саратов, Волгоград, Цимлянское водохранилище, Азовское море, Томск, Кемеровская область, Красноярский край, Алтайский край, Дальний Восток, Скандинавия, Атлантическая и Средняя Европа, Китай, Северная Америка, Австралия, Северная Африка, Кавказ, Украина."",Фиалка трехцветная обитает почти по всей европейской части РФ.,""Фиалка трехцветная предпочитает слабокислые или нейтральные почвы (рН 6,0-7,5), растет на луговых, мезотрофных, песчаных и супесчаных почвах. Избегает сильно затененных мест и конкуренции с другими растениями."",Нет.,Период посева фиалки трехцветной - февраль-март.,""Сбор растения Фиалка трехцветная происходит в период цветения, с мая по июнь."",""Аспирин 0%, Мукалтин 0%. Фиалка трехцветная не требует этих веществ для роста."""
"ФЕНХЕЛЬ ОБЫКНОВЕННЫЙ,""Средиземноморье, Иран, Евразия, Африка, Северная и Южная Америка, США, Россия (Краснодарский край, Северный Кавказ, Предкавказье, Дагестан, Крым)."",""Информация о конкретных субъектах РФ, где растет фенхель, отсутствует в тексте. Дополняя информацию, фенхель может быть найден в таких субъектах РФ, как Краснодарский край, Ставропольский край, Ростовская область, Волгоградская область, Астраханская область, Саратовская область, Самарская область, Белгородская область, Воронежская область, Курская область, Липецкая область, Тамбовская область, Оренбургская область, Ульяновская область, Пензенская область и другие регионы юга России."",""Фенхель предпочитает плодородные, окультуренные, известково-глинистые и черноземные почвы, но не переносит чрезмерного увлажнения. Засухоустойчив и теплолюбив."",Нет.,""Период посева фенхеля обыкновенного - весна, март-апрель."",Сбор фенхеля обыкновенного проводится в июле-августе.,""Фенхель обыкновенный: Эфирное масло 3-6%, Анетол 50-60%."""
"ТЫСЯЧЕЛИСТНИК ОБЫКНОВЕННЫЙ,""Европейская часть России, о-в Колгуев, южная половина о-ва Вайгач, Югорский п-ов, Ханты-Мансийск, Западная и Восточная Сибирь, долины рек Лены, Алдана, Индигирки, нижнее течение Лены и Оленека, правобережье Алдана, низовья Шилки, средняя и южная часть Сахалина, южная часть Хабаровского края, юго-западная часть Приморского края, долина Уссури, Европа, Средняя Азия, Пакистан, Монголия, Китай, Северная Америка (от Гренландии до Мексики), Австралия, Новая Зеландия."",""Алтайский край, юг Новосибирской области."",""Тысячелистник обыкновенный предпочитает хорошо дренированные, средне плодородные почвы, но может расти и на бедных почвах. Он избегает засоленных участков и чувствителен к затенению."",Нет.,Период посева тысячелистника обыкновенного: весна (апрель-май) или осень (сентябрь-октябрь).,""Сбор тысячелистника обыкновенного проводится в период цветения, с июня по август."",""Аспирин 10%, Мукалтин 50%."""
"ТЫКВА ОБЫКНОВЕННАЯ,""Ареалы произрастания: Перу, Мексика, Индия, Европа, Россия, Южная Америка, Северная Америка, Африка, Азия."",""В тексте нет информации о субъектах РФ, где растет тыква обыкновенная. Однако, данное растение может успешно расти в теплых и умеренных регионах, таких как Краснодарский край, Ростовская область, Ставропольский край, Волгоградская область, Астраханская область, Саратовская область, и других подобных регионах."",""Тыкве обыкновенной подходит плодородная, хорошо дренированная почва с нейтральной или слабокислой реакцией (pH 6.0-7.0). Она предпочитает чернозем, суглинок и легкие супеси."",Нет.,""Период посева тыквы обыкновенной - весна, май-июнь."",Сбор тыквы обыкновенной обычно проводится с сентября по октябрь.,""Тыква обыкновенная: Аспирин 0%, Мукалтин 0%."""
"ТОЛОКНЯНКА ОБЫКНОВЕННАЯ,""Толокнянка обыкновенная произрастает в России, почти всей Европе, северной части Северной Америки, Исландии и юго-западной части побережья Гренландии."",""Европейская часть России, Украина, Сибирь, Дальний Восток, Крайний Север, Центральная Якутия, Белоруссия, Кировская область."",""Толокнянка обыкновенная характеризуется амплитудой экологической приспособленности, поэтому она неразборчива в отношении механического состава и кислотности почвы и уровня грунтовых вод. Она хорошо растет при различных условиях увлажнения и освещенности. Таким образом, для успешного роста толокнянки необходима почва, которая может обеспечить ей оптимальные условия развития, включая достаточное увлажнение и свет."",""Да, Толокнянка обыкновенная включена в Красную книгу РФ."",Период посева толокнянки обыкновенной: весна (апрель-май) или осень (сентябрь-октябрь).,""Сбор толокнянки обыкновенной проводится в период цветения, с июня по август."",""ТОЛОКНЯНКА ОБЫКНОВЕННАЯ: Салициловая кислота 3%, Флавоноиды 8%."""
"ТМИН ОБЫКНОВЕННЫЙ,""Ареалы произрастания тмина обыкновенного: европейская часть России, Западное Забайкалье, Северный Кавказ, Камчатка, Приморье, Восточная Сибирь, Северо-Восточная Якутия."",Камчатский край,""Тмин предпочитает плодородные, хорошо дренированные почвы с нейтральной или слабокислой реакцией."",Да.,Период посева тмина обыкновенного: весна (апрель-май) или осень (сентябрь-октябрь).,""Сбор тмина обыкновенного проводится в период цветения, обычно с июня по август."",""ТМИН ОБЫКНОВЕННЫЙ: Эфирное масло 60%, Кумарин 5%."""
"ТИМЬЯН ОБЫКНОВЕННЫЙ,""Южная Европа, дополнительные ареалы: Северная Африка, Западная Азия."",""Информация о том, где в России растет данное растение, отсутствует в тексте. Дополняю: тимьян растет в разных регионах России, включая Московскую, Ленинградскую, Свердловскую, Челябинскую области, Республику Татарстан, Республику Башкортостан, Краснодарский и Ставропольский края."",""Тимьяну нужны сухие, каменистые склоны, богатые гумусом известковые почвы легкого и среднего механического состава. Не переносит затенения и застойного увлажнения. Требует влажности для прорастания семян."",Нет.,""Период посева тимьяна обыкновенного - весна, март-апрель."",Период сбора тимьяна обыкновенного - июнь-август.,""Тимьян обыкновенный: Тимол 30%, Карвакрол 20%, Розмариновая кислота 10%."""
"СМОКОВНИЦА ОБЫКНОВЕННАЯ,""Ареалы произрастания смоковницы: Передняя Азия, горный Туркменистан, Иран, Турция, Афганистан, Северо-Западная Индия, Копет-Даг, Памиро-Алае, р. Пяндж, Закавказье, страны Средиземноморья. В России культивируется, в Крыму - культурное или одичавшее растение."",""Крым, Кавказ"",""Смоковница предпочитает каменистые, глинистые и известковые почвы."",Да.,Для смоковницы обыкновенной посев обычно проводят в марте-апреле в теплице или в мае-июне на открытом грунте.,Сбор плодов смоковницы обыкновенной обычно происходит в июле-августе.,""Для смоковницы обыкновенной: Аспирин 10%, Мукалтин 50%."""
"СКУМПИЯ КОЖЕВЕННАЯ,""Средиземноморский регион, Южная Европа, Северная Африка, Азия (Турция, Иран, Пакистан, Индия, западные и южные провинции Китая), Россия (южные районы европейской части, Северный Кавказ)."",""Крым, Северный Кавказ, средняя полоса России"",""Скумпия предпочитает глубокие карбонатные черноземные, темно-каштановые и каштановые почвы. Избыточное увлажнение не переносит."",Нет.,""Период посева Скумпии Кожевенной - весна, март-апрель."",Сбор Скумпии Кожевенной обычно проводится в период с июля по сентябрь.,""Аспирин 10%, Мукалтин 50%."""